supplier_id,supplier_name,country,contact_email,rating
1,Supplier0,Canada,supplier0@supply.com,1.8
2,Supplier1,Mexico,supplier1@supply.com,1.8
3,Supplier2,Mexico,supplier2@supply.com,1.8
4,Supplier3,Canada,supplier3@supply.com,1.8
5,Supplier4,Canada,supplier4@supply.com,1.8
6,Supplier5,Canada,supplier5@supply.com,1.8
7,Supplier6,Canada,supplier6@supply.com,1.8
8,Supplier7,Canada,supplier7@supply.com,1.8
9,Supplier8,Canada,supplier8@supply.com,1.8
10,Supplier9,USA,supplier9@supply.com,1.8
11,Supplier10,Canada,supplier10@supply.com,1.8
12,Supplier11,Canada,supplier11@supply.com,1.8
13,Supplier12,USA,supplier12@supply.com,1.8
14,Supplier13,Canada,supplier13@supply.com,1.8
15,Supplier14,Mexico,supplier14@supply.com,1.8
16,Supplier15,Mexico,supplier15@supply.com,1.8
17,Supplier16,Canada,supplier16@supply.com,1.8
18,Supplier17,USA,supplier17@supply.com,1.8
19,Supplier18,Mexico,supplier18@supply.com,1.8
20,Supplier19,USA,supplier19@supply.com,1.8
21,Supplier20,Mexico,supplier20@supply.com,1.8
22,Supplier21,Canada,supplier21@supply.com,1.8
23,Supplier22,USA,supplier22@supply.com,1.8
24,Supplier23,USA,supplier23@supply.com,1.8
25,Supplier24,USA,supplier24@supply.com,1.8
26,Supplier25,Mexico,supplier25@supply.com,1.8
27,Supplier26,Mexico,supplier26@supply.com,1.8
28,Supplier27,Mexico,supplier27@supply.com,1.8
29,Supplier28,Canada,supplier28@supply.com,1.8
30,Supplier29,Mexico,supplier29@supply.com,1.8
31,Supplier30,Canada,supplier30@supply.com,1.8
32,Supplier31,USA,supplier31@supply.com,1.8
33,Supplier32,USA,supplier32@supply.com,1.8
34,Supplier33,Canada,supplier33@supply.com,1.8
35,Supplier34,Mexico,supplier34@supply.com,1.8
36,Supplier35,Canada,supplier35@supply.com,1.8
37,Supplier36,USA,supplier36@supply.com,1.8
38,Supplier37,USA,supplier37@supply.com,1.8
39,Supplier38,Canada,supplier38@supply.com,1.8
40,Supplier39,Mexico,supplier39@supply.com,1.8
41,Supplier40,Mexico,supplier40@supply.com,1.8
42,Supplier41,Canada,supplier41@supply.com,1.8
43,Supplier42,Canada,supplier42@supply.com,1.8
44,Supplier43,Mexico,supplier43@supply.com,1.8
45,Supplier44,USA,supplier44@supply.com,1.8
46,Supplier45,Canada,supplier45@supply.com,1.8
47,Supplier46,Mexico,supplier46@supply.com,1.8
48,Supplier47,Mexico,supplier47@supply.com,1.8
49,Supplier48,USA,supplier48@supply.com,1.8
50,Supplier49,USA,supplier49@supply.com,1.8
51,Supplier50,USA,supplier50@supply.com,1.8
52,Supplier51,USA,supplier51@supply.com,1.8
53,Supplier52,USA,supplier52@supply.com,1.8
54,Supplier53,Canada,supplier53@supply.com,1.8
55,Supplier54,Mexico,supplier54@supply.com,1.8
56,Supplier55,Canada,supplier55@supply.com,1.8
57,Supplier56,Canada,supplier56@supply.com,1.8
58,Supplier57,Canada,supplier57@supply.com,1.8
59,Supplier58,Canada,supplier58@supply.com,1.8
60,Supplier59,Canada,supplier59@supply.com,1.8
61,Supplier60,USA,supplier60@supply.com,1.8
62,Supplier61,USA,supplier61@supply.com,1.8
63,Supplier62,Mexico,supplier62@supply.com,1.8
64,Supplier63,Canada,supplier63@supply.com,1.8
65,Supplier64,Mexico,supplier64@supply.com,1.8
66,Supplier65,USA,supplier65@supply.com,1.8
67,Supplier66,USA,supplier66@supply.com,1.8
68,Supplier67,USA,supplier67@supply.com,1.8
69,Supplier68,Canada,supplier68@supply.com,1.8
70,Supplier69,Canada,supplier69@supply.com,1.8
71,Supplier70,USA,supplier70@supply.com,1.8
72,Supplier71,Mexico,supplier71@supply.com,1.8
73,Supplier72,Mexico,supplier72@supply.com,1.8
74,Supplier73,USA,supplier73@supply.com,1.8
75,Supplier74,Mexico,supplier74@supply.com,1.8
76,Supplier75,USA,supplier75@supply.com,1.8
77,Supplier76,Mexico,supplier76@supply.com,1.8
78,Supplier77,USA,supplier77@supply.com,1.8
79,Supplier78,Mexico,supplier78@supply.com,1.8
80,Supplier79,Canada,supplier79@supply.com,1.8
81,Supplier80,USA,supplier80@supply.com,1.8
82,Supplier81,USA,supplier81@supply.com,1.8
83,Supplier82,Mexico,supplier82@supply.com,1.8
84,Supplier83,USA,supplier83@supply.com,1.8
85,Supplier84,USA,supplier84@supply.com,1.8
86,Supplier85,USA,supplier85@supply.com,1.8
87,Supplier86,Canada,supplier86@supply.com,1.8
88,Supplier87,Canada,supplier87@supply.com,1.8
89,Supplier88,Mexico,supplier88@supply.com,1.8
90,Supplier89,Canada,supplier89@supply.com,1.8
91,Supplier90,Mexico,supplier90@supply.com,1.8
92,Supplier91,Canada,supplier91@supply.com,1.8
93,Supplier92,Mexico,supplier92@supply.com,1.8
94,Supplier93,Canada,supplier93@supply.com,1.8
95,Supplier94,Canada,supplier94@supply.com,1.8
96,Supplier95,Mexico,supplier95@supply.com,1.8
97,Supplier96,USA,supplier96@supply.com,1.8
98,Supplier97,USA,supplier97@supply.com,1.8
99,Supplier98,Canada,supplier98@supply.com,1.8
100,Supplier99,Mexico,supplier99@supply.com,1.8
101,Supplier100,USA,supplier100@supply.com,1.8
102,Supplier101,Mexico,supplier101@supply.com,1.8
103,Supplier102,USA,supplier102@supply.com,1.8
104,Supplier103,Mexico,supplier103@supply.com,1.8
105,Supplier104,Canada,supplier104@supply.com,1.8
106,Supplier105,Mexico,supplier105@supply.com,1.8
107,Supplier106,USA,supplier106@supply.com,1.8
108,Supplier107,Canada,supplier107@supply.com,1.8
109,Supplier108,Mexico,supplier108@supply.com,1.8
110,Supplier109,USA,supplier109@supply.com,1.8
111,Supplier110,Canada,supplier110@supply.com,1.8
112,Supplier111,Mexico,supplier111@supply.com,1.8
113,Supplier112,USA,supplier112@supply.com,1.8
114,Supplier113,Mexico,supplier113@supply.com,1.8
115,Supplier114,Mexico,supplier114@supply.com,1.8
116,Supplier115,Canada,supplier115@supply.com,1.8
117,Supplier116,Canada,supplier116@supply.com,1.8
118,Supplier117,USA,supplier117@supply.com,1.8
119,Supplier118,Canada,supplier118@supply.com,1.8
120,Supplier119,USA,supplier119@supply.com,1.8
121,Supplier120,Mexico,supplier120@supply.com,1.8
122,Supplier121,Mexico,supplier121@supply.com,1.8
123,Supplier122,USA,supplier122@supply.com,1.8
124,Supplier123,Mexico,supplier123@supply.com,1.8
125,Supplier124,Canada,supplier124@supply.com,1.8
126,Supplier125,Mexico,supplier125@supply.com,1.8
127,Supplier126,Canada,supplier126@supply.com,1.8
128,Supplier127,USA,supplier127@supply.com,1.8
129,Supplier128,USA,supplier128@supply.com,1.8
130,Supplier129,Mexico,supplier129@supply.com,1.8
131,Supplier130,Mexico,supplier130@supply.com,1.8
132,Supplier131,Canada,supplier131@supply.com,1.8
133,Supplier132,Canada,supplier132@supply.com,1.8
134,Supplier133,Mexico,supplier133@supply.com,1.8
135,Supplier134,Mexico,supplier134@supply.com,1.8
136,Supplier135,USA,supplier135@supply.com,1.8
137,Supplier136,USA,supplier136@supply.com,1.8
138,Supplier137,USA,supplier137@supply.com,1.8
139,Supplier138,Mexico,supplier138@supply.com,1.8
140,Supplier139,Mexico,supplier139@supply.com,1.8
141,Supplier140,Mexico,supplier140@supply.com,1.8
142,Supplier141,USA,supplier141@supply.com,1.8
143,Supplier142,Mexico,supplier142@supply.com,1.8
144,Supplier143,Canada,supplier143@supply.com,1.8
145,Supplier144,Mexico,supplier144@supply.com,1.8
146,Supplier145,Mexico,supplier145@supply.com,1.8
147,Supplier146,Mexico,supplier146@supply.com,1.8
148,Supplier147,Mexico,supplier147@supply.com,1.8
149,Supplier148,Mexico,supplier148@supply.com,1.8
150,Supplier149,Canada,supplier149@supply.com,1.8
151,Supplier150,Canada,supplier150@supply.com,1.8
152,Supplier151,Mexico,supplier151@supply.com,1.8
153,Supplier152,USA,supplier152@supply.com,1.8
154,Supplier153,Mexico,supplier153@supply.com,1.8
155,Supplier154,Mexico,supplier154@supply.com,1.8
156,Supplier155,Mexico,supplier155@supply.com,1.8
157,Supplier156,USA,supplier156@supply.com,1.8
158,Supplier157,USA,supplier157@supply.com,1.8
159,Supplier158,USA,supplier158@supply.com,1.8
160,Supplier159,Canada,supplier159@supply.com,1.8
161,Supplier160,USA,supplier160@supply.com,1.8
162,Supplier161,Canada,supplier161@supply.com,1.8
163,Supplier162,Canada,supplier162@supply.com,1.8
164,Supplier163,USA,supplier163@supply.com,1.8
165,Supplier164,USA,supplier164@supply.com,1.8
166,Supplier165,USA,supplier165@supply.com,1.8
167,Supplier166,Canada,supplier166@supply.com,1.8
168,Supplier167,Mexico,supplier167@supply.com,1.8
169,Supplier168,USA,supplier168@supply.com,1.8
170,Supplier169,USA,supplier169@supply.com,1.8
171,Supplier170,USA,supplier170@supply.com,1.8
172,Supplier171,Canada,supplier171@supply.com,1.8
173,Supplier172,Canada,supplier172@supply.com,1.8
174,Supplier173,Mexico,supplier173@supply.com,1.8
175,Supplier174,USA,supplier174@supply.com,1.8
176,Supplier175,Canada,supplier175@supply.com,1.8
177,Supplier176,Mexico,supplier176@supply.com,1.8
178,Supplier177,USA,supplier177@supply.com,1.8
179,Supplier178,Canada,supplier178@supply.com,1.8
180,Supplier179,USA,supplier179@supply.com,1.8
181,Supplier180,USA,supplier180@supply.com,1.8
182,Supplier181,Canada,supplier181@supply.com,1.8
183,Supplier182,Canada,supplier182@supply.com,1.8
184,Supplier183,Canada,supplier183@supply.com,1.8
185,Supplier184,USA,supplier184@supply.com,1.8
186,Supplier185,USA,supplier185@supply.com,1.8
187,Supplier186,Mexico,supplier186@supply.com,1.8
188,Supplier187,USA,supplier187@supply.com,1.8
189,Supplier188,Canada,supplier188@supply.com,1.8
190,Supplier189,USA,supplier189@supply.com,1.8
191,Supplier190,Mexico,supplier190@supply.com,1.8
192,Supplier191,Mexico,supplier191@supply.com,1.8
193,Supplier192,Canada,supplier192@supply.com,1.8
194,Supplier193,Canada,supplier193@supply.com,1.8
195,Supplier194,Mexico,supplier194@supply.com,1.8
196,Supplier195,Mexico,supplier195@supply.com,1.8
197,Supplier196,Mexico,supplier196@supply.com,1.8
198,Supplier197,Canada,supplier197@supply.com,1.8
199,Supplier198,Mexico,supplier198@supply.com,1.8
200,Supplier199,Mexico,supplier199@supply.com,1.8
201,Supplier200,Canada,supplier200@supply.com,1.8
202,Supplier201,USA,supplier201@supply.com,1.8
203,Supplier202,USA,supplier202@supply.com,1.8
204,Supplier203,Mexico,supplier203@supply.com,1.8
205,Supplier204,USA,supplier204@supply.com,1.8
206,Supplier205,USA,supplier205@supply.com,1.8
207,Supplier206,USA,supplier206@supply.com,1.8
208,Supplier207,USA,supplier207@supply.com,1.8
209,Supplier208,Mexico,supplier208@supply.com,1.8
210,Supplier209,USA,supplier209@supply.com,1.8
211,Supplier210,USA,supplier210@supply.com,1.8
212,Supplier211,Canada,supplier211@supply.com,1.8
213,Supplier212,Mexico,supplier212@supply.com,1.8
214,Supplier213,Canada,supplier213@supply.com,1.8
215,Supplier214,Canada,supplier214@supply.com,1.8
216,Supplier215,Mexico,supplier215@supply.com,1.8
217,Supplier216,USA,supplier216@supply.com,1.8
218,Supplier217,Canada,supplier217@supply.com,1.8
219,Supplier218,Mexico,supplier218@supply.com,1.8
220,Supplier219,USA,supplier219@supply.com,1.8
221,Supplier220,Mexico,supplier220@supply.com,1.8
222,Supplier221,Canada,supplier221@supply.com,1.8
223,Supplier222,USA,supplier222@supply.com,1.8
224,Supplier223,USA,supplier223@supply.com,1.8
225,Supplier224,Mexico,supplier224@supply.com,1.8
226,Supplier225,USA,supplier225@supply.com,1.8
227,Supplier226,Canada,supplier226@supply.com,1.8
228,Supplier227,Canada,supplier227@supply.com,1.8
229,Supplier228,Canada,supplier228@supply.com,1.8
230,Supplier229,Mexico,supplier229@supply.com,1.8
231,Supplier230,USA,supplier230@supply.com,1.8
232,Supplier231,USA,supplier231@supply.com,1.8
233,Supplier232,USA,supplier232@supply.com,1.8
234,Supplier233,Canada,supplier233@supply.com,1.8
235,Supplier234,USA,supplier234@supply.com,1.8
236,Supplier235,Canada,supplier235@supply.com,1.8
237,Supplier236,USA,supplier236@supply.com,1.8
238,Supplier237,Canada,supplier237@supply.com,1.8
239,Supplier238,USA,supplier238@supply.com,1.8
240,Supplier239,Mexico,supplier239@supply.com,1.8
241,Supplier240,Mexico,supplier240@supply.com,1.8
242,Supplier241,Canada,supplier241@supply.com,1.8
243,Supplier242,Canada,supplier242@supply.com,1.8
244,Supplier243,USA,supplier243@supply.com,1.8
245,Supplier244,USA,supplier244@supply.com,1.8
246,Supplier245,Mexico,supplier245@supply.com,1.8
247,Supplier246,USA,supplier246@supply.com,1.8
248,Supplier247,Canada,supplier247@supply.com,1.8
249,Supplier248,Canada,supplier248@supply.com,1.8
250,Supplier249,Canada,supplier249@supply.com,1.8
251,Supplier250,Canada,supplier250@supply.com,1.8
252,Supplier251,Canada,supplier251@supply.com,1.8
253,Supplier252,Mexico,supplier252@supply.com,1.8
254,Supplier253,Mexico,supplier253@supply.com,1.8
255,Supplier254,Canada,supplier254@supply.com,1.8
256,Supplier255,USA,supplier255@supply.com,1.8
257,Supplier256,Canada,supplier256@supply.com,1.8
258,Supplier257,Mexico,supplier257@supply.com,1.8
259,Supplier258,Canada,supplier258@supply.com,1.8
260,Supplier259,Mexico,supplier259@supply.com,1.8
261,Supplier260,Mexico,supplier260@supply.com,1.8
262,Supplier261,Canada,supplier261@supply.com,1.8
263,Supplier262,Canada,supplier262@supply.com,1.8
264,Supplier263,USA,supplier263@supply.com,1.8
265,Supplier264,Mexico,supplier264@supply.com,1.8
266,Supplier265,USA,supplier265@supply.com,1.8
267,Supplier266,Canada,supplier266@supply.com,1.8
268,Supplier267,Mexico,supplier267@supply.com,1.8
269,Supplier268,USA,supplier268@supply.com,1.8
270,Supplier269,USA,supplier269@supply.com,1.8
271,Supplier270,USA,supplier270@supply.com,1.8
272,Supplier271,Canada,supplier271@supply.com,1.8
273,Supplier272,Canada,supplier272@supply.com,1.8
274,Supplier273,Canada,supplier273@supply.com,1.8
275,Supplier274,Mexico,supplier274@supply.com,1.8
276,Supplier275,Canada,supplier275@supply.com,1.8
277,Supplier276,Mexico,supplier276@supply.com,1.8
278,Supplier277,USA,supplier277@supply.com,1.8
279,Supplier278,USA,supplier278@supply.com,1.8
280,Supplier279,Canada,supplier279@supply.com,1.8
281,Supplier280,USA,supplier280@supply.com,1.8
282,Supplier281,Canada,supplier281@supply.com,1.8
283,Supplier282,Mexico,supplier282@supply.com,1.8
284,Supplier283,USA,supplier283@supply.com,1.8
285,Supplier284,Canada,supplier284@supply.com,1.8
286,Supplier285,USA,supplier285@supply.com,1.8
287,Supplier286,USA,supplier286@supply.com,1.8
288,Supplier287,Canada,supplier287@supply.com,1.8
289,Supplier288,USA,supplier288@supply.com,1.8
290,Supplier289,USA,supplier289@supply.com,1.8
291,Supplier290,USA,supplier290@supply.com,1.8
292,Supplier291,USA,supplier291@supply.com,1.8
293,Supplier292,Mexico,supplier292@supply.com,1.8
294,Supplier293,USA,supplier293@supply.com,1.8
295,Supplier294,USA,supplier294@supply.com,1.8
296,Supplier295,Canada,supplier295@supply.com,1.8
297,Supplier296,Mexico,supplier296@supply.com,1.8
298,Supplier297,Canada,supplier297@supply.com,1.8
299,Supplier298,Canada,supplier298@supply.com,1.8
300,Supplier299,Canada,supplier299@supply.com,1.8
301,Supplier300,Mexico,supplier300@supply.com,1.8
302,Supplier301,Canada,supplier301@supply.com,1.8
303,Supplier302,Canada,supplier302@supply.com,1.8
304,Supplier303,Canada,supplier303@supply.com,1.8
305,Supplier304,USA,supplier304@supply.com,1.8
306,Supplier305,Canada,supplier305@supply.com,1.8
307,Supplier306,Mexico,supplier306@supply.com,1.8
308,Supplier307,Mexico,supplier307@supply.com,1.8
309,Supplier308,USA,supplier308@supply.com,1.8
310,Supplier309,Mexico,supplier309@supply.com,1.8
311,Supplier310,Mexico,supplier310@supply.com,1.8
312,Supplier311,USA,supplier311@supply.com,1.8
313,Supplier312,Canada,supplier312@supply.com,1.8
314,Supplier313,USA,supplier313@supply.com,1.8
315,Supplier314,Canada,supplier314@supply.com,1.8
316,Supplier315,Canada,supplier315@supply.com,1.8
317,Supplier316,Mexico,supplier316@supply.com,1.8
318,Supplier317,USA,supplier317@supply.com,1.8
319,Supplier318,Mexico,supplier318@supply.com,1.8
320,Supplier319,Mexico,supplier319@supply.com,1.8
321,Supplier320,Canada,supplier320@supply.com,1.8
322,Supplier321,Mexico,supplier321@supply.com,1.8
323,Supplier322,USA,supplier322@supply.com,1.8
324,Supplier323,Mexico,supplier323@supply.com,1.8
325,Supplier324,Mexico,supplier324@supply.com,1.8
326,Supplier325,Canada,supplier325@supply.com,1.8
327,Supplier326,USA,supplier326@supply.com,1.8
328,Supplier327,Mexico,supplier327@supply.com,1.8
329,Supplier328,Canada,supplier328@supply.com,1.8
330,Supplier329,Mexico,supplier329@supply.com,1.8
331,Supplier330,USA,supplier330@supply.com,1.8
332,Supplier331,Mexico,supplier331@supply.com,1.8
333,Supplier332,Mexico,supplier332@supply.com,1.8
334,Supplier333,Canada,supplier333@supply.com,1.8
335,Supplier334,Mexico,supplier334@supply.com,1.8
336,Supplier335,Canada,supplier335@supply.com,1.8
337,Supplier336,USA,supplier336@supply.com,1.8
338,Supplier337,Mexico,supplier337@supply.com,1.8
339,Supplier338,USA,supplier338@supply.com,1.8
340,Supplier339,USA,supplier339@supply.com,1.8
341,Supplier340,Mexico,supplier340@supply.com,1.8
342,Supplier341,Canada,supplier341@supply.com,1.8
343,Supplier342,USA,supplier342@supply.com,1.8
344,Supplier343,USA,supplier343@supply.com,1.8
345,Supplier344,Mexico,supplier344@supply.com,1.8
346,Supplier345,Mexico,supplier345@supply.com,1.8
347,Supplier346,Mexico,supplier346@supply.com,1.8
348,Supplier347,Mexico,supplier347@supply.com,1.8
349,Supplier348,Mexico,supplier348@supply.com,1.8
350,Supplier349,Mexico,supplier349@supply.com,1.8
351,Supplier350,Canada,supplier350@supply.com,1.8
352,Supplier351,USA,supplier351@supply.com,1.8
353,Supplier352,Canada,supplier352@supply.com,1.8
354,Supplier353,Canada,supplier353@supply.com,1.8
355,Supplier354,Mexico,supplier354@supply.com,1.8
356,Supplier355,USA,supplier355@supply.com,1.8
357,Supplier356,Canada,supplier356@supply.com,1.8
358,Supplier357,Mexico,supplier357@supply.com,1.8
359,Supplier358,Mexico,supplier358@supply.com,1.8
360,Supplier359,USA,supplier359@supply.com,1.8
361,Supplier360,Canada,supplier360@supply.com,1.8
362,Supplier361,Canada,supplier361@supply.com,1.8
363,Supplier362,Canada,supplier362@supply.com,1.8
364,Supplier363,Mexico,supplier363@supply.com,1.8
365,Supplier364,USA,supplier364@supply.com,1.8
366,Supplier365,USA,supplier365@supply.com,1.8
367,Supplier366,Canada,supplier366@supply.com,1.8
368,Supplier367,Mexico,supplier367@supply.com,1.8
369,Supplier368,Canada,supplier368@supply.com,1.8
370,Supplier369,USA,supplier369@supply.com,1.8
371,Supplier370,Mexico,supplier370@supply.com,1.8
372,Supplier371,Canada,supplier371@supply.com,1.8
373,Supplier372,Canada,supplier372@supply.com,1.8
374,Supplier373,Mexico,supplier373@supply.com,1.8
375,Supplier374,USA,supplier374@supply.com,1.8
376,Supplier375,Mexico,supplier375@supply.com,1.8
377,Supplier376,Canada,supplier376@supply.com,1.8
378,Supplier377,Canada,supplier377@supply.com,1.8
379,Supplier378,Canada,supplier378@supply.com,1.8
380,Supplier379,Canada,supplier379@supply.com,1.8
381,Supplier380,USA,supplier380@supply.com,1.8
382,Supplier381,USA,supplier381@supply.com,1.8
383,Supplier382,Canada,supplier382@supply.com,1.8
384,Supplier383,USA,supplier383@supply.com,1.8
385,Supplier384,USA,supplier384@supply.com,1.8
386,Supplier385,USA,supplier385@supply.com,1.8
387,Supplier386,Canada,supplier386@supply.com,1.8
388,Supplier387,Mexico,supplier387@supply.com,1.8
389,Supplier388,Mexico,supplier388@supply.com,1.8
390,Supplier389,Mexico,supplier389@supply.com,1.8
391,Supplier390,Canada,supplier390@supply.com,1.8
392,Supplier391,USA,supplier391@supply.com,1.8
393,Supplier392,USA,supplier392@supply.com,1.8
394,Supplier393,Canada,supplier393@supply.com,1.8
395,Supplier394,Canada,supplier394@supply.com,1.8
396,Supplier395,Mexico,supplier395@supply.com,1.8
397,Supplier396,Mexico,supplier396@supply.com,1.8
398,Supplier397,Canada,supplier397@supply.com,1.8
399,Supplier398,Mexico,supplier398@supply.com,1.8
400,Supplier399,USA,supplier399@supply.com,1.8
401,Supplier400,Canada,supplier400@supply.com,1.8
402,Supplier401,Canada,supplier401@supply.com,1.8
403,Supplier402,USA,supplier402@supply.com,1.8
404,Supplier403,USA,supplier403@supply.com,1.8
405,Supplier404,USA,supplier404@supply.com,1.8
406,Supplier405,Mexico,supplier405@supply.com,1.8
407,Supplier406,Canada,supplier406@supply.com,1.8
408,Supplier407,Mexico,supplier407@supply.com,1.8
409,Supplier408,USA,supplier408@supply.com,1.8
410,Supplier409,Mexico,supplier409@supply.com,1.8
411,Supplier410,USA,supplier410@supply.com,1.8
412,Supplier411,Mexico,supplier411@supply.com,1.8
413,Supplier412,Mexico,supplier412@supply.com,1.8
414,Supplier413,USA,supplier413@supply.com,1.8
415,Supplier414,Mexico,supplier414@supply.com,1.8
416,Supplier415,Canada,supplier415@supply.com,1.8
417,Supplier416,Mexico,supplier416@supply.com,1.8
418,Supplier417,Mexico,supplier417@supply.com,1.8
419,Supplier418,Canada,supplier418@supply.com,1.8
420,Supplier419,USA,supplier419@supply.com,1.8
421,Supplier420,Canada,supplier420@supply.com,1.8
422,Supplier421,Mexico,supplier421@supply.com,1.8
423,Supplier422,USA,supplier422@supply.com,1.8
424,Supplier423,Mexico,supplier423@supply.com,1.8
425,Supplier424,Mexico,supplier424@supply.com,1.8
426,Supplier425,Canada,supplier425@supply.com,1.8
427,Supplier426,Canada,supplier426@supply.com,1.8
428,Supplier427,USA,supplier427@supply.com,1.8
429,Supplier428,USA,supplier428@supply.com,1.8
430,Supplier429,USA,supplier429@supply.com,1.8
431,Supplier430,Mexico,supplier430@supply.com,1.8
432,Supplier431,Canada,supplier431@supply.com,1.8
433,Supplier432,Canada,supplier432@supply.com,1.8
434,Supplier433,Canada,supplier433@supply.com,1.8
435,Supplier434,USA,supplier434@supply.com,1.8
436,Supplier435,Canada,supplier435@supply.com,1.8
437,Supplier436,Canada,supplier436@supply.com,1.8
438,Supplier437,Canada,supplier437@supply.com,1.8
439,Supplier438,USA,supplier438@supply.com,1.8
440,Supplier439,Canada,supplier439@supply.com,1.8
441,Supplier440,USA,supplier440@supply.com,1.8
442,Supplier441,Canada,supplier441@supply.com,1.8
443,Supplier442,Canada,supplier442@supply.com,1.8
444,Supplier443,Canada,supplier443@supply.com,1.8
445,Supplier444,USA,supplier444@supply.com,1.8
446,Supplier445,USA,supplier445@supply.com,1.8
447,Supplier446,Canada,supplier446@supply.com,1.8
448,Supplier447,Mexico,supplier447@supply.com,1.8
449,Supplier448,USA,supplier448@supply.com,1.8
450,Supplier449,USA,supplier449@supply.com,1.8
451,Supplier450,Canada,supplier450@supply.com,1.8
452,Supplier451,Mexico,supplier451@supply.com,1.8
453,Supplier452,Canada,supplier452@supply.com,1.8
454,Supplier453,USA,supplier453@supply.com,1.8
455,Supplier454,USA,supplier454@supply.com,1.8
456,Supplier455,Canada,supplier455@supply.com,1.8
457,Supplier456,Canada,supplier456@supply.com,1.8
458,Supplier457,Mexico,supplier457@supply.com,1.8
459,Supplier458,Mexico,supplier458@supply.com,1.8
460,Supplier459,USA,supplier459@supply.com,1.8
461,Supplier460,Mexico,supplier460@supply.com,1.8
462,Supplier461,Mexico,supplier461@supply.com,1.8
463,Supplier462,USA,supplier462@supply.com,1.8
464,Supplier463,USA,supplier463@supply.com,1.8
465,Supplier464,USA,supplier464@supply.com,1.8
466,Supplier465,USA,supplier465@supply.com,1.8
467,Supplier466,Canada,supplier466@supply.com,1.8
468,Supplier467,USA,supplier467@supply.com,1.8
469,Supplier468,USA,supplier468@supply.com,1.8
470,Supplier469,USA,supplier469@supply.com,1.8
471,Supplier470,Mexico,supplier470@supply.com,1.8
472,Supplier471,USA,supplier471@supply.com,1.8
473,Supplier472,Canada,supplier472@supply.com,1.8
474,Supplier473,Canada,supplier473@supply.com,1.8
475,Supplier474,USA,supplier474@supply.com,1.8
476,Supplier475,Canada,supplier475@supply.com,1.8
477,Supplier476,Mexico,supplier476@supply.com,1.8
478,Supplier477,USA,supplier477@supply.com,1.8
479,Supplier478,Canada,supplier478@supply.com,1.8
480,Supplier479,Canada,supplier479@supply.com,1.8
481,Supplier480,USA,supplier480@supply.com,1.8
482,Supplier481,Canada,supplier481@supply.com,1.8
483,Supplier482,USA,supplier482@supply.com,1.8
484,Supplier483,Canada,supplier483@supply.com,1.8
485,Supplier484,Mexico,supplier484@supply.com,1.8
486,Supplier485,Canada,supplier485@supply.com,1.8
487,Supplier486,Canada,supplier486@supply.com,1.8
488,Supplier487,USA,supplier487@supply.com,1.8
489,Supplier488,Canada,supplier488@supply.com,1.8
490,Supplier489,USA,supplier489@supply.com,1.8
491,Supplier490,Mexico,supplier490@supply.com,1.8
492,Supplier491,USA,supplier491@supply.com,1.8
493,Supplier492,USA,supplier492@supply.com,1.8
494,Supplier493,Canada,supplier493@supply.com,1.8
495,Supplier494,Mexico,supplier494@supply.com,1.8
496,Supplier495,USA,supplier495@supply.com,1.8
497,Supplier496,Canada,supplier496@supply.com,1.8
498,Supplier497,Canada,supplier497@supply.com,1.8
499,Supplier498,USA,supplier498@supply.com,1.8
500,Supplier499,Canada,supplier499@supply.com,1.8
501,Supplier500,USA,supplier500@supply.com,1.8
502,Supplier501,USA,supplier501@supply.com,1.8
503,Supplier502,USA,supplier502@supply.com,1.8
504,Supplier503,Mexico,supplier503@supply.com,1.8
505,Supplier504,USA,supplier504@supply.com,1.8
506,Supplier505,Canada,supplier505@supply.com,1.8
507,Supplier506,Mexico,supplier506@supply.com,1.8
508,Supplier507,Canada,supplier507@supply.com,1.8
509,Supplier508,Mexico,supplier508@supply.com,1.8
510,Supplier509,Mexico,supplier509@supply.com,1.8
511,Supplier510,Mexico,supplier510@supply.com,1.8
512,Supplier511,Mexico,supplier511@supply.com,1.8
513,Supplier512,Canada,supplier512@supply.com,1.8
514,Supplier513,USA,supplier513@supply.com,1.8
515,Supplier514,Canada,supplier514@supply.com,1.8
516,Supplier515,USA,supplier515@supply.com,1.8
517,Supplier516,Canada,supplier516@supply.com,1.8
518,Supplier517,Mexico,supplier517@supply.com,1.8
519,Supplier518,Mexico,supplier518@supply.com,1.8
520,Supplier519,USA,supplier519@supply.com,1.8
521,Supplier520,USA,supplier520@supply.com,1.8
522,Supplier521,Canada,supplier521@supply.com,1.8
523,Supplier522,USA,supplier522@supply.com,1.8
524,Supplier523,Canada,supplier523@supply.com,1.8
525,Supplier524,USA,supplier524@supply.com,1.8
526,Supplier525,USA,supplier525@supply.com,1.8
527,Supplier526,USA,supplier526@supply.com,1.8
528,Supplier527,Mexico,supplier527@supply.com,1.8
529,Supplier528,Mexico,supplier528@supply.com,1.8
530,Supplier529,Canada,supplier529@supply.com,1.8
531,Supplier530,USA,supplier530@supply.com,1.8
532,Supplier531,Canada,supplier531@supply.com,1.8
533,Supplier532,USA,supplier532@supply.com,1.8
534,Supplier533,Mexico,supplier533@supply.com,1.8
535,Supplier534,Mexico,supplier534@supply.com,1.8
536,Supplier535,USA,supplier535@supply.com,1.8
537,Supplier536,USA,supplier536@supply.com,1.8
538,Supplier537,Mexico,supplier537@supply.com,1.8
539,Supplier538,Mexico,supplier538@supply.com,1.8
540,Supplier539,Canada,supplier539@supply.com,1.8
541,Supplier540,Mexico,supplier540@supply.com,1.8
542,Supplier541,USA,supplier541@supply.com,1.8
543,Supplier542,Canada,supplier542@supply.com,1.8
544,Supplier543,USA,supplier543@supply.com,1.8
545,Supplier544,Canada,supplier544@supply.com,1.8
546,Supplier545,USA,supplier545@supply.com,1.8
547,Supplier546,Mexico,supplier546@supply.com,1.8
548,Supplier547,USA,supplier547@supply.com,1.8
549,Supplier548,Canada,supplier548@supply.com,1.8
550,Supplier549,USA,supplier549@supply.com,1.8
551,Supplier550,Canada,supplier550@supply.com,1.8
552,Supplier551,USA,supplier551@supply.com,1.8
553,Supplier552,Mexico,supplier552@supply.com,1.8
554,Supplier553,Mexico,supplier553@supply.com,1.8
555,Supplier554,USA,supplier554@supply.com,1.8
556,Supplier555,USA,supplier555@supply.com,1.8
557,Supplier556,USA,supplier556@supply.com,1.8
558,Supplier557,Canada,supplier557@supply.com,1.8
559,Supplier558,USA,supplier558@supply.com,1.8
560,Supplier559,USA,supplier559@supply.com,1.8
561,Supplier560,Canada,supplier560@supply.com,1.8
562,Supplier561,Mexico,supplier561@supply.com,1.8
563,Supplier562,USA,supplier562@supply.com,1.8
564,Supplier563,USA,supplier563@supply.com,1.8
565,Supplier564,Mexico,supplier564@supply.com,1.8
566,Supplier565,Mexico,supplier565@supply.com,1.8
567,Supplier566,Canada,supplier566@supply.com,1.8
568,Supplier567,USA,supplier567@supply.com,1.8
569,Supplier568,USA,supplier568@supply.com,1.8
570,Supplier569,Canada,supplier569@supply.com,1.8
571,Supplier570,Mexico,supplier570@supply.com,1.8
572,Supplier571,Canada,supplier571@supply.com,1.8
573,Supplier572,Mexico,supplier572@supply.com,1.8
574,Supplier573,Canada,supplier573@supply.com,1.8
575,Supplier574,Mexico,supplier574@supply.com,1.8
576,Supplier575,Canada,supplier575@supply.com,1.8
577,Supplier576,Mexico,supplier576@supply.com,1.8
578,Supplier577,Mexico,supplier577@supply.com,1.8
579,Supplier578,Mexico,supplier578@supply.com,1.8
580,Supplier579,Mexico,supplier579@supply.com,1.8
581,Supplier580,Mexico,supplier580@supply.com,1.8
582,Supplier581,USA,supplier581@supply.com,1.8
583,Supplier582,Mexico,supplier582@supply.com,1.8
584,Supplier583,USA,supplier583@supply.com,1.8
585,Supplier584,Mexico,supplier584@supply.com,1.8
586,Supplier585,USA,supplier585@supply.com,1.8
587,Supplier586,USA,supplier586@supply.com,1.8
588,Supplier587,Canada,supplier587@supply.com,1.8
589,Supplier588,Mexico,supplier588@supply.com,1.8
590,Supplier589,Canada,supplier589@supply.com,1.8
591,Supplier590,Canada,supplier590@supply.com,1.8
592,Supplier591,Mexico,supplier591@supply.com,1.8
593,Supplier592,Canada,supplier592@supply.com,1.8
594,Supplier593,Mexico,supplier593@supply.com,1.8
595,Supplier594,Canada,supplier594@supply.com,1.8
596,Supplier595,Mexico,supplier595@supply.com,1.8
597,Supplier596,Mexico,supplier596@supply.com,1.8
598,Supplier597,Mexico,supplier597@supply.com,1.8
599,Supplier598,USA,supplier598@supply.com,1.8
600,Supplier599,Canada,supplier599@supply.com,1.8
601,Supplier600,USA,supplier600@supply.com,1.8
602,Supplier601,Canada,supplier601@supply.com,1.8
603,Supplier602,Canada,supplier602@supply.com,1.8
604,Supplier603,Canada,supplier603@supply.com,1.8
605,Supplier604,USA,supplier604@supply.com,1.8
606,Supplier605,Canada,supplier605@supply.com,1.8
607,Supplier606,USA,supplier606@supply.com,1.8
608,Supplier607,Mexico,supplier607@supply.com,1.8
609,Supplier608,Canada,supplier608@supply.com,1.8
610,Supplier609,Canada,supplier609@supply.com,1.8
611,Supplier610,Mexico,supplier610@supply.com,1.8
612,Supplier611,Mexico,supplier611@supply.com,1.8
613,Supplier612,Canada,supplier612@supply.com,1.8
614,Supplier613,Mexico,supplier613@supply.com,1.8
615,Supplier614,USA,supplier614@supply.com,1.8
616,Supplier615,USA,supplier615@supply.com,1.8
617,Supplier616,Canada,supplier616@supply.com,1.8
618,Supplier617,USA,supplier617@supply.com,1.8
619,Supplier618,USA,supplier618@supply.com,1.8
620,Supplier619,Canada,supplier619@supply.com,1.8
621,Supplier620,Mexico,supplier620@supply.com,1.8
622,Supplier621,Canada,supplier621@supply.com,1.8
623,Supplier622,USA,supplier622@supply.com,1.8
624,Supplier623,Canada,supplier623@supply.com,1.8
625,Supplier624,Canada,supplier624@supply.com,1.8
626,Supplier625,USA,supplier625@supply.com,1.8
627,Supplier626,USA,supplier626@supply.com,1.8
628,Supplier627,Canada,supplier627@supply.com,1.8
629,Supplier628,USA,supplier628@supply.com,1.8
630,Supplier629,USA,supplier629@supply.com,1.8
631,Supplier630,USA,supplier630@supply.com,1.8
632,Supplier631,USA,supplier631@supply.com,1.8
633,Supplier632,USA,supplier632@supply.com,1.8
634,Supplier633,USA,supplier633@supply.com,1.8
635,Supplier634,Mexico,supplier634@supply.com,1.8
636,Supplier635,Canada,supplier635@supply.com,1.8
637,Supplier636,USA,supplier636@supply.com,1.8
638,Supplier637,Canada,supplier637@supply.com,1.8
639,Supplier638,Mexico,supplier638@supply.com,1.8
640,Supplier639,USA,supplier639@supply.com,1.8
641,Supplier640,Canada,supplier640@supply.com,1.8
642,Supplier641,USA,supplier641@supply.com,1.8
643,Supplier642,USA,supplier642@supply.com,1.8
644,Supplier643,USA,supplier643@supply.com,1.8
645,Supplier644,USA,supplier644@supply.com,1.8
646,Supplier645,USA,supplier645@supply.com,1.8
647,Supplier646,USA,supplier646@supply.com,1.8
648,Supplier647,USA,supplier647@supply.com,1.8
649,Supplier648,Mexico,supplier648@supply.com,1.8
650,Supplier649,Mexico,supplier649@supply.com,1.8
651,Supplier650,USA,supplier650@supply.com,1.8
652,Supplier651,USA,supplier651@supply.com,1.8
653,Supplier652,Mexico,supplier652@supply.com,1.8
654,Supplier653,Mexico,supplier653@supply.com,1.8
655,Supplier654,Mexico,supplier654@supply.com,1.8
656,Supplier655,USA,supplier655@supply.com,1.8
657,Supplier656,Canada,supplier656@supply.com,1.8
658,Supplier657,Canada,supplier657@supply.com,1.8
659,Supplier658,Canada,supplier658@supply.com,1.8
660,Supplier659,Canada,supplier659@supply.com,1.8
661,Supplier660,USA,supplier660@supply.com,1.8
662,Supplier661,Canada,supplier661@supply.com,1.8
663,Supplier662,Mexico,supplier662@supply.com,1.8
664,Supplier663,Mexico,supplier663@supply.com,1.8
665,Supplier664,Canada,supplier664@supply.com,1.8
666,Supplier665,Mexico,supplier665@supply.com,1.8
667,Supplier666,USA,supplier666@supply.com,1.8
668,Supplier667,Canada,supplier667@supply.com,1.8
669,Supplier668,Canada,supplier668@supply.com,1.8
670,Supplier669,USA,supplier669@supply.com,1.8
671,Supplier670,Mexico,supplier670@supply.com,1.8
672,Supplier671,USA,supplier671@supply.com,1.8
673,Supplier672,USA,supplier672@supply.com,1.8
674,Supplier673,Mexico,supplier673@supply.com,1.8
675,Supplier674,USA,supplier674@supply.com,1.8
676,Supplier675,Mexico,supplier675@supply.com,1.8
677,Supplier676,Mexico,supplier676@supply.com,1.8
678,Supplier677,USA,supplier677@supply.com,1.8
679,Supplier678,Mexico,supplier678@supply.com,1.8
680,Supplier679,USA,supplier679@supply.com,1.8
681,Supplier680,Mexico,supplier680@supply.com,1.8
682,Supplier681,Canada,supplier681@supply.com,1.8
683,Supplier682,Mexico,supplier682@supply.com,1.8
684,Supplier683,Mexico,supplier683@supply.com,1.8
685,Supplier684,USA,supplier684@supply.com,1.8
686,Supplier685,Mexico,supplier685@supply.com,1.8
687,Supplier686,Canada,supplier686@supply.com,1.8
688,Supplier687,Canada,supplier687@supply.com,1.8
689,Supplier688,Mexico,supplier688@supply.com,1.8
690,Supplier689,Mexico,supplier689@supply.com,1.8
691,Supplier690,Canada,supplier690@supply.com,1.8
692,Supplier691,USA,supplier691@supply.com,1.8
693,Supplier692,Canada,supplier692@supply.com,1.8
694,Supplier693,Canada,supplier693@supply.com,1.8
695,Supplier694,Mexico,supplier694@supply.com,1.8
696,Supplier695,Mexico,supplier695@supply.com,1.8
697,Supplier696,Canada,supplier696@supply.com,1.8
698,Supplier697,USA,supplier697@supply.com,1.8
699,Supplier698,Canada,supplier698@supply.com,1.8
700,Supplier699,Canada,supplier699@supply.com,1.8
701,Supplier700,USA,supplier700@supply.com,1.8
702,Supplier701,Canada,supplier701@supply.com,1.8
703,Supplier702,Canada,supplier702@supply.com,1.8
704,Supplier703,Mexico,supplier703@supply.com,1.8
705,Supplier704,USA,supplier704@supply.com,1.8
706,Supplier705,Mexico,supplier705@supply.com,1.8
707,Supplier706,Mexico,supplier706@supply.com,1.8
708,Supplier707,USA,supplier707@supply.com,1.8
709,Supplier708,USA,supplier708@supply.com,1.8
710,Supplier709,Canada,supplier709@supply.com,1.8
711,Supplier710,Mexico,supplier710@supply.com,1.8
712,Supplier711,USA,supplier711@supply.com,1.8
713,Supplier712,Mexico,supplier712@supply.com,1.8
714,Supplier713,Mexico,supplier713@supply.com,1.8
715,Supplier714,USA,supplier714@supply.com,1.8
716,Supplier715,Canada,supplier715@supply.com,1.8
717,Supplier716,Mexico,supplier716@supply.com,1.8
718,Supplier717,USA,supplier717@supply.com,1.8
719,Supplier718,Canada,supplier718@supply.com,1.8
720,Supplier719,Mexico,supplier719@supply.com,1.8
721,Supplier720,USA,supplier720@supply.com,1.8
722,Supplier721,Mexico,supplier721@supply.com,1.8
723,Supplier722,USA,supplier722@supply.com,1.8
724,Supplier723,USA,supplier723@supply.com,1.8
725,Supplier724,Mexico,supplier724@supply.com,1.8
726,Supplier725,Mexico,supplier725@supply.com,1.8
727,Supplier726,USA,supplier726@supply.com,1.8
728,Supplier727,Canada,supplier727@supply.com,1.8
729,Supplier728,Mexico,supplier728@supply.com,1.8
730,Supplier729,USA,supplier729@supply.com,1.8
731,Supplier730,USA,supplier730@supply.com,1.8
732,Supplier731,Canada,supplier731@supply.com,1.8
733,Supplier732,Canada,supplier732@supply.com,1.8
734,Supplier733,Canada,supplier733@supply.com,1.8
735,Supplier734,Mexico,supplier734@supply.com,1.8
736,Supplier735,USA,supplier735@supply.com,1.8
737,Supplier736,USA,supplier736@supply.com,1.8
738,Supplier737,USA,supplier737@supply.com,1.8
739,Supplier738,Canada,supplier738@supply.com,1.8
740,Supplier739,USA,supplier739@supply.com,1.8
741,Supplier740,Mexico,supplier740@supply.com,1.8
742,Supplier741,Canada,supplier741@supply.com,1.8
743,Supplier742,Canada,supplier742@supply.com,1.8
744,Supplier743,Canada,supplier743@supply.com,1.8
745,Supplier744,Canada,supplier744@supply.com,1.8
746,Supplier745,Mexico,supplier745@supply.com,1.8
747,Supplier746,USA,supplier746@supply.com,1.8
748,Supplier747,Mexico,supplier747@supply.com,1.8
749,Supplier748,USA,supplier748@supply.com,1.8
750,Supplier749,Mexico,supplier749@supply.com,1.8
751,Supplier750,Canada,supplier750@supply.com,1.8
752,Supplier751,Canada,supplier751@supply.com,1.8
753,Supplier752,Mexico,supplier752@supply.com,1.8
754,Supplier753,Mexico,supplier753@supply.com,1.8
755,Supplier754,USA,supplier754@supply.com,1.8
756,Supplier755,Mexico,supplier755@supply.com,1.8
757,Supplier756,Mexico,supplier756@supply.com,1.8
758,Supplier757,USA,supplier757@supply.com,1.8
759,Supplier758,USA,supplier758@supply.com,1.8
760,Supplier759,USA,supplier759@supply.com,1.8
761,Supplier760,Mexico,supplier760@supply.com,1.8
762,Supplier761,USA,supplier761@supply.com,1.8
763,Supplier762,Canada,supplier762@supply.com,1.8
764,Supplier763,Canada,supplier763@supply.com,1.8
765,Supplier764,Canada,supplier764@supply.com,1.8
766,Supplier765,Mexico,supplier765@supply.com,1.8
767,Supplier766,Canada,supplier766@supply.com,1.8
768,Supplier767,Mexico,supplier767@supply.com,1.8
769,Supplier768,Mexico,supplier768@supply.com,1.8
770,Supplier769,Canada,supplier769@supply.com,1.8
771,Supplier770,USA,supplier770@supply.com,1.8
772,Supplier771,Mexico,supplier771@supply.com,1.8
773,Supplier772,Canada,supplier772@supply.com,1.8
774,Supplier773,Mexico,supplier773@supply.com,1.8
775,Supplier774,USA,supplier774@supply.com,1.8
776,Supplier775,USA,supplier775@supply.com,1.8
777,Supplier776,Canada,supplier776@supply.com,1.8
778,Supplier777,Mexico,supplier777@supply.com,1.8
779,Supplier778,Mexico,supplier778@supply.com,1.8
780,Supplier779,Mexico,supplier779@supply.com,1.8
781,Supplier780,Mexico,supplier780@supply.com,1.8
782,Supplier781,Canada,supplier781@supply.com,1.8
783,Supplier782,USA,supplier782@supply.com,1.8
784,Supplier783,Canada,supplier783@supply.com,1.8
785,Supplier784,Mexico,supplier784@supply.com,1.8
786,Supplier785,Mexico,supplier785@supply.com,1.8
787,Supplier786,USA,supplier786@supply.com,1.8
788,Supplier787,Mexico,supplier787@supply.com,1.8
789,Supplier788,Canada,supplier788@supply.com,1.8
790,Supplier789,Canada,supplier789@supply.com,1.8
791,Supplier790,USA,supplier790@supply.com,1.8
792,Supplier791,Canada,supplier791@supply.com,1.8
793,Supplier792,Canada,supplier792@supply.com,1.8
794,Supplier793,Canada,supplier793@supply.com,1.8
795,Supplier794,Canada,supplier794@supply.com,1.8
796,Supplier795,Mexico,supplier795@supply.com,1.8
797,Supplier796,Canada,supplier796@supply.com,1.8
798,Supplier797,USA,supplier797@supply.com,1.8
799,Supplier798,USA,supplier798@supply.com,1.8
800,Supplier799,Canada,supplier799@supply.com,1.8
801,Supplier800,USA,supplier800@supply.com,1.8
802,Supplier801,Canada,supplier801@supply.com,1.8
803,Supplier802,USA,supplier802@supply.com,1.8
804,Supplier803,USA,supplier803@supply.com,1.8
805,Supplier804,Canada,supplier804@supply.com,1.8
806,Supplier805,Canada,supplier805@supply.com,1.8
807,Supplier806,Mexico,supplier806@supply.com,1.8
808,Supplier807,Canada,supplier807@supply.com,1.8
809,Supplier808,Canada,supplier808@supply.com,1.8
810,Supplier809,Mexico,supplier809@supply.com,1.8
811,Supplier810,Canada,supplier810@supply.com,1.8
812,Supplier811,Canada,supplier811@supply.com,1.8
813,Supplier812,Mexico,supplier812@supply.com,1.8
814,Supplier813,Canada,supplier813@supply.com,1.8
815,Supplier814,Canada,supplier814@supply.com,1.8
816,Supplier815,Mexico,supplier815@supply.com,1.8
817,Supplier816,Mexico,supplier816@supply.com,1.8
818,Supplier817,USA,supplier817@supply.com,1.8
819,Supplier818,Canada,supplier818@supply.com,1.8
820,Supplier819,USA,supplier819@supply.com,1.8
821,Supplier820,USA,supplier820@supply.com,1.8
822,Supplier821,Mexico,supplier821@supply.com,1.8
823,Supplier822,Canada,supplier822@supply.com,1.8
824,Supplier823,Canada,supplier823@supply.com,1.8
825,Supplier824,Mexico,supplier824@supply.com,1.8
826,Supplier825,USA,supplier825@supply.com,1.8
827,Supplier826,Mexico,supplier826@supply.com,1.8
828,Supplier827,Canada,supplier827@supply.com,1.8
829,Supplier828,Mexico,supplier828@supply.com,1.8
830,Supplier829,Canada,supplier829@supply.com,1.8
831,Supplier830,USA,supplier830@supply.com,1.8
832,Supplier831,Canada,supplier831@supply.com,1.8
833,Supplier832,USA,supplier832@supply.com,1.8
834,Supplier833,USA,supplier833@supply.com,1.8
835,Supplier834,Canada,supplier834@supply.com,1.8
836,Supplier835,Canada,supplier835@supply.com,1.8
837,Supplier836,USA,supplier836@supply.com,1.8
838,Supplier837,Mexico,supplier837@supply.com,1.8
839,Supplier838,Canada,supplier838@supply.com,1.8
840,Supplier839,USA,supplier839@supply.com,1.8
841,Supplier840,USA,supplier840@supply.com,1.8
842,Supplier841,Mexico,supplier841@supply.com,1.8
843,Supplier842,Canada,supplier842@supply.com,1.8
844,Supplier843,USA,supplier843@supply.com,1.8
845,Supplier844,Mexico,supplier844@supply.com,1.8
846,Supplier845,USA,supplier845@supply.com,1.8
847,Supplier846,Canada,supplier846@supply.com,1.8
848,Supplier847,Mexico,supplier847@supply.com,1.8
849,Supplier848,USA,supplier848@supply.com,1.8
850,Supplier849,Mexico,supplier849@supply.com,1.8
851,Supplier850,Canada,supplier850@supply.com,1.8
852,Supplier851,Mexico,supplier851@supply.com,1.8
853,Supplier852,Canada,supplier852@supply.com,1.8
854,Supplier853,USA,supplier853@supply.com,1.8
855,Supplier854,Canada,supplier854@supply.com,1.8
856,Supplier855,USA,supplier855@supply.com,1.8
857,Supplier856,USA,supplier856@supply.com,1.8
858,Supplier857,Canada,supplier857@supply.com,1.8
859,Supplier858,USA,supplier858@supply.com,1.8
860,Supplier859,Mexico,supplier859@supply.com,1.8
861,Supplier860,USA,supplier860@supply.com,1.8
862,Supplier861,Canada,supplier861@supply.com,1.8
863,Supplier862,Mexico,supplier862@supply.com,1.8
864,Supplier863,Mexico,supplier863@supply.com,1.8
865,Supplier864,USA,supplier864@supply.com,1.8
866,Supplier865,USA,supplier865@supply.com,1.8
867,Supplier866,Canada,supplier866@supply.com,1.8
868,Supplier867,Mexico,supplier867@supply.com,1.8
869,Supplier868,Canada,supplier868@supply.com,1.8
870,Supplier869,USA,supplier869@supply.com,1.8
871,Supplier870,Mexico,supplier870@supply.com,1.8
872,Supplier871,Canada,supplier871@supply.com,1.8
873,Supplier872,Canada,supplier872@supply.com,1.8
874,Supplier873,Canada,supplier873@supply.com,1.8
875,Supplier874,Canada,supplier874@supply.com,1.8
876,Supplier875,Canada,supplier875@supply.com,1.8
877,Supplier876,Mexico,supplier876@supply.com,1.8
878,Supplier877,Canada,supplier877@supply.com,1.8
879,Supplier878,Mexico,supplier878@supply.com,1.8
880,Supplier879,Canada,supplier879@supply.com,1.8
881,Supplier880,USA,supplier880@supply.com,1.8
882,Supplier881,USA,supplier881@supply.com,1.8
883,Supplier882,Canada,supplier882@supply.com,1.8
884,Supplier883,USA,supplier883@supply.com,1.8
885,Supplier884,Mexico,supplier884@supply.com,1.8
886,Supplier885,Canada,supplier885@supply.com,1.8
887,Supplier886,Mexico,supplier886@supply.com,1.8
888,Supplier887,Canada,supplier887@supply.com,1.8
889,Supplier888,USA,supplier888@supply.com,1.8
890,Supplier889,Mexico,supplier889@supply.com,1.8
891,Supplier890,USA,supplier890@supply.com,1.8
892,Supplier891,USA,supplier891@supply.com,1.8
893,Supplier892,Canada,supplier892@supply.com,1.8
894,Supplier893,Mexico,supplier893@supply.com,1.8
895,Supplier894,USA,supplier894@supply.com,1.8
896,Supplier895,Canada,supplier895@supply.com,1.8
897,Supplier896,Canada,supplier896@supply.com,1.8
898,Supplier897,Canada,supplier897@supply.com,1.8
899,Supplier898,USA,supplier898@supply.com,1.8
900,Supplier899,Canada,supplier899@supply.com,1.8
901,Supplier900,Mexico,supplier900@supply.com,1.8
902,Supplier901,Mexico,supplier901@supply.com,1.8
903,Supplier902,USA,supplier902@supply.com,1.8
904,Supplier903,Mexico,supplier903@supply.com,1.8
905,Supplier904,Canada,supplier904@supply.com,1.8
906,Supplier905,USA,supplier905@supply.com,1.8
907,Supplier906,Canada,supplier906@supply.com,1.8
908,Supplier907,USA,supplier907@supply.com,1.8
909,Supplier908,USA,supplier908@supply.com,1.8
910,Supplier909,Canada,supplier909@supply.com,1.8
911,Supplier910,Mexico,supplier910@supply.com,1.8
912,Supplier911,Mexico,supplier911@supply.com,1.8
913,Supplier912,USA,supplier912@supply.com,1.8
914,Supplier913,Canada,supplier913@supply.com,1.8
915,Supplier914,Canada,supplier914@supply.com,1.8
916,Supplier915,USA,supplier915@supply.com,1.8
917,Supplier916,Mexico,supplier916@supply.com,1.8
918,Supplier917,Canada,supplier917@supply.com,1.8
919,Supplier918,Mexico,supplier918@supply.com,1.8
920,Supplier919,Mexico,supplier919@supply.com,1.8
921,Supplier920,USA,supplier920@supply.com,1.8
922,Supplier921,USA,supplier921@supply.com,1.8
923,Supplier922,Mexico,supplier922@supply.com,1.8
924,Supplier923,Canada,supplier923@supply.com,1.8
925,Supplier924,Canada,supplier924@supply.com,1.8
926,Supplier925,USA,supplier925@supply.com,1.8
927,Supplier926,Mexico,supplier926@supply.com,1.8
928,Supplier927,Canada,supplier927@supply.com,1.8
929,Supplier928,Canada,supplier928@supply.com,1.8
930,Supplier929,USA,supplier929@supply.com,1.8
931,Supplier930,Mexico,supplier930@supply.com,1.8
932,Supplier931,Canada,supplier931@supply.com,1.8
933,Supplier932,USA,supplier932@supply.com,1.8
934,Supplier933,Canada,supplier933@supply.com,1.8
935,Supplier934,Canada,supplier934@supply.com,1.8
936,Supplier935,Canada,supplier935@supply.com,1.8
937,Supplier936,USA,supplier936@supply.com,1.8
938,Supplier937,Mexico,supplier937@supply.com,1.8
939,Supplier938,USA,supplier938@supply.com,1.8
940,Supplier939,Mexico,supplier939@supply.com,1.8
941,Supplier940,Canada,supplier940@supply.com,1.8
942,Supplier941,Mexico,supplier941@supply.com,1.8
943,Supplier942,Canada,supplier942@supply.com,1.8
944,Supplier943,Canada,supplier943@supply.com,1.8
945,Supplier944,USA,supplier944@supply.com,1.8
946,Supplier945,Canada,supplier945@supply.com,1.8
947,Supplier946,USA,supplier946@supply.com,1.8
948,Supplier947,Mexico,supplier947@supply.com,1.8
949,Supplier948,Mexico,supplier948@supply.com,1.8
950,Supplier949,Canada,supplier949@supply.com,1.8
951,Supplier950,USA,supplier950@supply.com,1.8
952,Supplier951,Canada,supplier951@supply.com,1.8
953,Supplier952,USA,supplier952@supply.com,1.8
954,Supplier953,USA,supplier953@supply.com,1.8
955,Supplier954,USA,supplier954@supply.com,1.8
956,Supplier955,Mexico,supplier955@supply.com,1.8
957,Supplier956,USA,supplier956@supply.com,1.8
958,Supplier957,Mexico,supplier957@supply.com,1.8
959,Supplier958,USA,supplier958@supply.com,1.8
960,Supplier959,Mexico,supplier959@supply.com,1.8
961,Supplier960,Mexico,supplier960@supply.com,1.8
962,Supplier961,Mexico,supplier961@supply.com,1.8
963,Supplier962,Canada,supplier962@supply.com,1.8
964,Supplier963,USA,supplier963@supply.com,1.8
965,Supplier964,Canada,supplier964@supply.com,1.8
966,Supplier965,USA,supplier965@supply.com,1.8
967,Supplier966,USA,supplier966@supply.com,1.8
968,Supplier967,Canada,supplier967@supply.com,1.8
969,Supplier968,Mexico,supplier968@supply.com,1.8
970,Supplier969,USA,supplier969@supply.com,1.8
971,Supplier970,Mexico,supplier970@supply.com,1.8
972,Supplier971,Canada,supplier971@supply.com,1.8
973,Supplier972,Mexico,supplier972@supply.com,1.8
974,Supplier973,USA,supplier973@supply.com,1.8
975,Supplier974,USA,supplier974@supply.com,1.8
976,Supplier975,USA,supplier975@supply.com,1.8
977,Supplier976,Canada,supplier976@supply.com,1.8
978,Supplier977,USA,supplier977@supply.com,1.8
979,Supplier978,Canada,supplier978@supply.com,1.8
980,Supplier979,Mexico,supplier979@supply.com,1.8
981,Supplier980,USA,supplier980@supply.com,1.8
982,Supplier981,USA,supplier981@supply.com,1.8
983,Supplier982,USA,supplier982@supply.com,1.8
984,Supplier983,Mexico,supplier983@supply.com,1.8
985,Supplier984,USA,supplier984@supply.com,1.8
986,Supplier985,Canada,supplier985@supply.com,1.8
987,Supplier986,Mexico,supplier986@supply.com,1.8
988,Supplier987,Mexico,supplier987@supply.com,1.8
989,Supplier988,Mexico,supplier988@supply.com,1.8
990,Supplier989,Mexico,supplier989@supply.com,1.8
991,Supplier990,Mexico,supplier990@supply.com,1.8
992,Supplier991,Canada,supplier991@supply.com,1.8
993,Supplier992,Mexico,supplier992@supply.com,1.8
994,Supplier993,USA,supplier993@supply.com,1.8
995,Supplier994,Mexico,supplier994@supply.com,1.8
996,Supplier995,Mexico,supplier995@supply.com,1.8
997,Supplier996,Mexico,supplier996@supply.com,1.8
998,Supplier997,Mexico,supplier997@supply.com,1.8
999,Supplier998,Mexico,supplier998@supply.com,1.8
1000,Supplier999,Canada,supplier999@supply.com,1.8
